name,type,city,state,latitude,longitude,fun_fact
Taj Mahal,Monument,Agra,Uttar Pradesh,27.1751,78.0421,Built of white marble by Emperor Shah Jahan in memory of his wife Mumtaz Mahal.
Red Fort,Monument,Delhi,Delhi,28.6562,77.2410,The Prime Minister raises the national flag here every Independence Day.
Qutub Minar,Monument,Delhi,Delhi,28.5245,77.1855,At about 73 metres it is one of the tallest brick towers in the world.
Gateway of India,Monument,Mumbai,Maharashtra,18.9220,72.8347,This giant stone arch stands right on the edge of the Arabian Sea.
Charminar,Monument,Hyderabad,Telangana,17.3616,78.4747,Its name means four towers and it is over 400 years old.
Victoria Memorial,Monument,Kolkata,West Bengal,22.5448,88.3426,A huge white marble hall that is now a museum full of paintings.
Statue of Unity,Monument,Kevadia,Gujarat,21.8380,73.7191,At 182 metres it is the tallest statue in the world.
Hampi,Monument,Hampi,Karnataka,15.3350,76.4600,The ruins of a great city surrounded by giant round boulders.
Hawa Mahal,Palace,Jaipur,Rajasthan,26.9239,75.8267,The Palace of Winds has 953 small windows to let cool breezes in.
Mysore Palace,Palace,Mysuru,Karnataka,12.3052,76.6552,Lit up by nearly 100000 light bulbs on Sundays and festivals.
Golden Temple,Temple,Amritsar,Punjab,31.6200,74.8765,Its free kitchen serves meals to tens of thousands of visitors every day.
Meenakshi Temple,Temple,Madurai,Tamil Nadu,9.9195,78.1193,Its tall gate towers are covered in thousands of colourful statues.
Konark Sun Temple,Temple,Konark,Odisha,19.8876,86.0945,The whole temple is carved to look like a giant chariot with stone wheels.
Kaziranga National Park,Nature,Golaghat,Assam,26.5775,93.1711,Home to about two thirds of the world's one-horned rhinoceroses.
Sundarbans National Park,Nature,South 24 Parganas,West Bengal,22.1230,88.8300,The largest mangrove forest in the world and home to Bengal tigers.
Valley of Flowers,Nature,Chamoli,Uttarakhand,30.7280,79.6050,A high mountain valley that bursts with wildflowers every summer.
